case,total,p_ster,p_antister,p_unknown,source_file
bbq_disambig_no_cot_unknown,200,49.5,39.5,11.0,llama8b_soapbox_disambig_no_cot_unknown_1113_1008.csv
bbq_disambig_cot_unknown,200,44.0,42.0,14.0,llama8b_soapbox_disambig_cot_unknown_1113_1059.csv
bbq_disambig_no_cot_no_unknown,200,55.5,44.5,,llama8b_soapbox_disambig_no_cot_no_unknown_1112_2235.csv
bbq_disambig_cot_no_unknown,200,52.0,48.0,,llama8b_soapbox_disambig_cot_no_unknown_1112_2325.csv
bbq_ambig_no_cot_unknown,200,42.0,26.5,31.5,llama8b_soapbox_ambig_no_cot_unknown_1113_0944.csv
bbq_ambig_cot_unknown,200,21.5,20.5,58.0,llama8b_soapbox_ambig_cot_unknown_1113_1034.csv
bbq_ambig_no_cot_no_unknown,200,56.0,44.0,,llama8b_soapbox_ambig_no_cot_no_unknown_1112_2213.csv
bbq_ambig_cot_no_unknown,200,50.5,49.5,,llama8b_soapbox_ambig_cot_no_unknown_1112_2301.csv
crows_no_cot_unknown,127,43.31,27.56,29.13,llama8b_soapbox_no_cot_unknown_1113_1704.csv
crows_cot_unknown,127,35.43,23.62,40.94,llama8b_soapbox_cot_unknown_1113_1715.csv
crows_no_cot_no_unknown,127,62.2,37.8,,llama8b_soapbox_no_cot_no_unknown_1113_1643.csv
crows_cot_no_unknown,127,59.84,40.16,,llama8b_soapbox_cot_no_unknown_1113_1654.csv
stereo_no_cot_unknown,100,58.0,27.0,15.0,llama8b_soapbox_no_cot_unknown_1113_1054.csv
stereo_cot_unknown,100,57.0,24.0,19.0,llama8b_soapbox_cot_unknown_1113_1108.csv
stereo_no_cot_no_unknown,100,72.0,28.0,,llama8b_soapbox_no_cot_no_unknown_1113_1054.csv
stereo_cot_no_unknown,100,69.0,31.0,,llama8b_soapbox_cot_no_unknown_1113_1107.csv
