layer,0,1,2,3,4,5,6,7,8,9,10,11,12,13,14,15,16,17,18,19,20,21,22,23,24,25,26,27,28,29,30,31
0,-0.00019801213191105683,-0.00029388531300816704,-0.000985170597404375,-2.770402312818533e-06,0.00022346051030569013,0.0001343339816477536,0.00032693919013528777,0.0002996004544771658,0.00022516962629637606,0.0002393114081335288,9.31631925418904e-05,0.00017666018386771902,0.0002927568703215586,0.0005675060177280985,0.0005596771499150556,0.00033988499533537536,0.0014431439913236178,0.00017024596891791576,-0.0005012650295620048,-0.0006066041834214141,-2.4455165431509926e-06,4.368386656988222e-06,-9.317182307869051e-05,4.245458145486877e-05,-0.002246231838588801,0.00012746094578531628,-0.0017775936903457296,-0.0003060837137213658,-0.0005729744337263145,-3.5945498026335506e-05,-0.004150390625,0.000274968848508949
1,-0.00036549125861258557,-0.0011140607600837818,-0.0020343791305749126,-4.0724320649022855e-05,-0.00019360947932592576,0.0007774542899153349,-0.0030150469611672794,-0.004973150054793552,0.0005744827818546902,0.48077188207013577,0.00040729477394759893,-0.0018102162563962683,-0.0002782528217022232,-0.002454534806816826,-0.00012997920831404224,5.735686192145879e-05,-0.0003072501307698939,6.245595837071144e-05,-0.0014673248135666007,7.444657891044459e-05,-0.0006496497678540965,-0.0013282892930561606,-0.00045196136198432296,-0.000476684397701766,-4.5102969553675866e-05,0.001421341745022733,8.009138150452489e-06,-0.0007523095445935,0.002867787563962634,0.00046905327706315056,-0.0017391066745395575,0.0033881908088787644
2,-0.37370489474335405,0.000620760852934548,0.04382294529703408,-0.020356404403755572,0.0002530054808741786,0.0003226606015166556,0.0014393776250640699,2.6563821335184383e-05,-0.0018243863032414362,0.00013803939474114384,-0.0015532420231745788,-0.0001324107744035696,0.00032081733461958355,-1.8717908211962356e-05,-0.0004951884843645029,0.005752340808713058,-0.00046605675468617397,-0.00021965967583979196,-0.0008502092836129709,0.006618024213281692,0.0003877620318086792,0.6503729496606335,2.6964613970588234,0.07325784674597002,-1.3749658791724178e-05,-0.004470445451693297,0.0041173332956581645,0.00017526934589196197,4.240614256707826e-05,-0.0005384676057289076,-0.0005510181323435524,-0.0016102441295779142
3,0.0007558693173783953,0.00043742732224960336,-0.00023289514343124081,0.0007320606870349217,-0.0007741177243884354,-0.01555796834678132,-0.0020590594451351946,0.0014567243567419257,-0.00023551192218901663,-0.00012336017993780414,0.00044449794346390837,-0.00020091468931862622,0.0003311735472528146,0.002861879098469316,0.0006288120649519031,4.3818374834451245e-05,-8.375116063458909e-05,0.00021425555734073525,0.0013205144200389752,0.005753668185272908,-0.0010233175700606271,-0.0031426403856924753,-0.0002272938171662896,0.003898294371177708,0.00037257692932543324,-0.0007319791284621558,0.1838802009686086,0.0018728586343618543,-0.0007625909952016987,-0.0007803258313312785,-3.403996989738349e-05,-0.0020991959722872796
4,-0.004720028493199415,-0.0014758770282451922,0.01957253848805147,0.0011548624858597285,-0.00026018802936260047,-3.4340447430152e-05,-0.00527034949393294,-0.0007887558699733002,-0.0002916875468120323,-0.0006977098559901741,-0.0005609892072720768,-0.0009332411968869863,0.18660877624787897,-0.025125636450305782,0.06029951691088094,0.06112264917986426,-7.144803375140503e-05,0.0007120477667761071,-2.2724634921386572e-05,-0.0026682150309981266,-0.0021145945760459384,-0.0006600543924046877,-0.003218265032876131,0.0007960446819460823,-0.0004891449509702639,0.0019774907314939203,-0.00037671753723696915,-0.0007122557627129728,0.0007191149897165385,0.11172101810507105,0.0009880483420186454,-0.005730171548834754
5,0.00010032947786253193,-7.144908559807828e-05,-7.923415343686148e-05,1.105080902306888e-05,-0.020093743509836327,-0.004712269640616162,-0.0824339439426612,0.001577635372386259,-0.0001531812400300044,5.383523880625814e-05,4.12884880514759e-06,0.0010933871722329294,0.0015642157507158526,-0.0012189478895782918,0.004917363991025346,0.00010906290684350466,-0.0003394801152777354,-0.001053457130673783,6.75361080946438e-05,8.073058063658858e-07,-0.00021353862943692664,6.247624013218892e-05,0.0007424809814038882,0.00017771569851836433,-0.00015222939970266388,0.7024279288037331,-0.00014025682237893124,-0.0031128318061656,-0.0009585056909069219,-0.005282855141756222,0.0006053035615256469,-0.0027487979215734147
6,-0.0004859274868512066,-0.015271486308240243,0.56781644001266,-0.24521390474759616,-0.0021454055924221395,-0.000920775788941532,-0.0002368354959185875,-0.002394641686348894,0.0007034049314611077,0.06996584240667421,0.02474515923547529,-0.0037953337932603924,-0.00029406196930829246,-0.00023910376281220273,-0.0024611071763534892,0.00012874036892506695,0.0022545458504517183,-0.00032422855428980023,-0.003372102625229783,-0.00043252668769111464,0.009885596365950227,0.001115166331847868,0.0031302275161397934,0.002118057147410121,-0.0013513357930593365,0.000594044918388264,-0.000934141685520362,0.09202922631173112,0.0007629916678726417,0.02855237814096304,0.0005856337051046387,-1.3653293454266136e-05
7,-0.000354497357191542,0.006103270086228039,0.006830151588129241,0.0024563172284294567,-0.016615720032566814,0.007631584745726433,0.004562761988575102,0.015101442293883448,0.00793461519129136,0.0036460479460150947,0.006243941363166359,0.011779163757600396,-0.00025229734532973303,0.05302197037778828,0.010619102236372312,0.02417151420903961,0.005498782541956828,-0.0029963428618141968,0.4641896519725679,3.5340356334841627,0.002828512148619777,0.1495716630063985,-0.0014782340278452879,-8.03416670717258e-06,0.002635848576127136,0.009419402385728932,0.00653371681455034,0.0026174761051505945,-0.003038232035226951,0.0007243816669170673,0.0014959551090568438,0.0004206836493306561
8,-0.0287687482877015,-0.11669589599333198,0.04198326007273402,-0.08189121436209701,-0.005111633922179899,0.010562959731434266,0.006251691585212811,-0.014061654207393595,0.020523886011736426,0.010987067762003765,0.03357386351710531,-0.012936927829932304,-0.0001407439892108636,0.09202804220208216,-0.00028511755067298837,-6.589846373683291e-05,0.0012324053777289083,0.0016379671398870552,0.002681749438807975,-0.0009801286378057833,0.011358758227318121,0.05978988284978392,0.017290907639723557,-0.044480088177849264,0.0002377609321973979,-0.002671441125653987,-0.00039449320659378493,0.0033732798304493064,0.006703939858604878,0.0010604450066165137,-0.00035286079165083216,6.70835443213942e-07
9,0.0023633404554824484,-0.002214968582084276,-0.5554647730486425,-0.006524396266333117,0.009224138216735012,0.0007706435017995709,-0.0064850664786084205,-0.0009500999795905064,-0.007105690106007848,0.04716601824868319,0.0028034883386948532,0.0007194777959072735,0.3346158334032982,-0.008924589545478648,0.023131861621977518,-0.005575689255382141,-0.01051495237048395,0.015479306182170886,0.005767000638521634,0.000629531851721026,0.0010895283513479093,-0.0037620885339797344,-0.0010334045099456934,-0.0014868205489076628,0.002717226986431968,0.7101350395927601,0.2767412418693439,-0.006808105744927177,0.14857712482435131,0.003057343495916997,0.00024244170383090846,0.0056373803324289455
10,-0.0012468225815716913,-0.0032145784990819867,0.04379063256725466,0.006353203959055077,0.004300795421341426,0.0017572493574737962,-0.0014997629018930281,0.010674751506132238,-0.7418899743265696,0.048879569903757775,0.008310662351582385,0.08617765590615942,0.009833433401530686,0.10196134213408733,0.027290475422440612,0.0025255749937635784,0.003331308235410113,0.00336922088899224,0.0016153465029341055,-0.00044867485357086035,-0.05073576361884898,-0.09559290700368751,0.004006112215206094,0.07382890174831201,0.043668230842141546,-0.03392165343685927,0.14372264465055853,0.021478861813092123,0.02308821095600387,0.05151829956883219,-0.0328921822940602,0.03499660146721888
11,0.00465223390052761,-0.0001181242422820231,-0.0011030827172741095,0.0010878079617185272,-0.22697379340952878,-0.015450225588423095,-0.5228939099549168,0.09394349663505727,0.0008134925662122755,0.07968248047979709,-0.013617415449737963,0.10008259768939126,0.2379079344046062,-0.0521023849556349,0.34129477108226103,0.0238740308252395,-0.036223426231971154,-0.0007575828025783374,-0.045961946168096894,0.05878642155573918,0.8447694390068227,0.07756916408625124,-0.015984018248130834,-0.0037133833941291362,0.016506585168622738,0.00744175975678733,0.00520936612090374,0.023775442477265096,0.009060532151304219,1.0059374917146846,-0.004094429792861593,-0.04088037758391368
12,0.0007479758823619177,0.0015569675022660328,0.0026026380547570964,0.022004420077638927,0.08106587267569287,1.2394215814701056e-05,2.9342053167420814,1.4559928238122173,-0.31681486794312075,1.0395843643947964,0.0016845239301072914,0.0585655656874989,-0.11630348447221436,0.29296107227446266,0.13025361833529234,-1.5414773932409502,0.0442892980791325,-0.00869916682869061,0.087470863307763,0.1073846670297476,0.11075930358058188,0.21259121441733245,0.4252540139590993,-0.4437637639800887,-0.03941334771894222,0.03684233583476209,0.12959039610435522,-0.002190160104052513,0.1280058606177973,0.001084599559663108,0.0270539193131805,-7.93416036200194e-05
13,0.014226684742923237,-0.0061579458314369164,0.010146387022544895,0.009461503870346968,0.03299389317024887,-0.29438968157876133,-0.020269102208754594,0.17706806303688843,-0.13803133036755869,0.0028908889218153444,4.033783442294429e-05,0.1416323079242965,0.04501938107865968,0.007925872457512903,0.04423098672029659,0.0007510819586154023,-0.024988607691423925,0.041933320334594175,0.06557694862331201,0.004758220344647023,0.023054059058832368,0.03470441895912136,0.037555466733906605,0.002876521667204292,0.004226387679846578,0.2005486432243796,0.012787379614368283,0.06549851948319517,0.22763223087086398,0.2265153461991392,0.02118565032924462,-0.009998461563662705
14,0.12170220974883343,0.06172855774201958,-0.40219660279977376,0.1040199417873745,-0.0007805164043719952,-0.00015550673817077846,0.0017328188969538763,4.979647122896643e-05,1.2254748987396378,-1.6198991594271424,0.2592721170969139,0.49375345221472,0.036438340407151444,0.003526858398817242,0.0008527263257298554,0.0110473373896396,0.002010945281291979,0.01666906710663532,0.6433088760030755,-0.02074573913850396,0.020064636161424454,0.32800364084373235,0.016455930822035846,0.028288035155421467,0.35399218943324023,-0.18572416003473205,1.7820105919471154,0.04333811280953938,0.06886303931879242,0.07090186900143171,-0.006991382961359499,-0.007661596790158371
15,0.360937154778528,0.24625380848327913,-0.029020217964552106,0.00858620604778307,0.0009822063316586888,-0.07248155412630798,-0.03936351758861973,0.40473069411057694,0.3622290011444782,0.3362010558805854,0.27222166449775526,0.11377981884986567,-0.009582577787373401,0.0003146515173070541,0.01154614357926727,0.0013006308499504558,-0.05556939586794754,0.0530022047224088,0.005280529212088606,-0.03057225430173572,0.07606685172378747,1.8350820135746606,0.1809473236222073,0.49984556172228506,-2.32695356934285e-06,0.11692005174731777,0.005133123419403488,0.3353432702802425,0.04284238513238829,-0.0016836153436030738,-0.014385031790754914,0.15607994045067697
16,-0.00029896837553826936,0.008388586173769575,0.03266726964199705,-0.04457151145417226,0.025137658788068264,0.0026944587672997383,-0.0018908237440014317,0.07282880895278034,0.005175214115850527,0.022641559639667495,0.01935846622173603,0.008496977948495165,0.26912541281583624,0.08266136203955742,0.12756486780503218,0.051166265151079963,0.06008077768179087,-0.054514202273269585,-0.0011905061713171218,0.007223599205189701,0.01384115089658159,0.10633246305301718,0.363098600223593,0.0005316289841319643,0.12559880390426154,0.2047353960270256,0.001817508628465472,0.04228537719174208,0.09950776596414558,0.5001128183770503,-0.03992477002726421,0.00676110038929935
17,0.1240957993727464,0.0366426459264971,0.02743380792540123,0.0009229793807500089,0.0019078359344965729,-0.010639259718122525,0.00042092433342566765,0.020978910351231086,0.013487499116233032,-0.007365258678591629,0.0037709905011621535,0.0001574400862957024,-0.005258545508751503,0.00015274345605082105,0.010118958313540635,0.002948606391837693,0.03298868291518268,0.0720209838038656,0.007714614177721119,-0.012741466884699343,-0.004851085891551021,0.0013821831655718064,-0.0002855488617495713,0.006669591023371767,0.151825814225555,0.5586780945100396,0.23578229533061723,0.4243863481202277,0.00043279458494747627,0.0026972408208372363,-8.86760685778193e-06,-0.0033503381375273966
18,2.7453019776495333,0.3753209247848027,2.3457370671751274,2.732852711397059,0.017354744268218855,-0.0023551656110254353,0.002313899778133065,0.001110396665685317,0.0019103680261119995,0.00601672716270205,0.007162184736847338,0.15629463368411517,0.011261794146369485,0.009381528138035562,0.014443888599516579,0.0029810137338767764,0.0005319020462251789,0.0010674497121060046,0.01852573291208949,0.005520045163944299,0.007623848548302284,0.027394702100106492,0.33413466026340677,0.010569198746487027,0.026557107640607324,0.01112370210535386,0.02722039546362415,-0.0063612156863665685,0.053922233754153705,0.03195417758026813,0.2743724909303415,0.09300475659952984
19,-5.342528830825999e-05,0.0002893298999216783,0.001067053138940045,0.006429426270912135,0.004494160224949071,0.0197596075308269,0.002329785791457506,0.00032372695827914986,1.1107029703407805,0.4178528384385605,0.050192550728223984,0.032845888094664696,0.03158044254078585,0.01731587750879348,0.027196872072521916,-0.007616591992960796,0.08977312631736514,0.20520399965312147,0.008173824327563807,0.1320374743431402,-0.0031905903535730707,-0.0004777537212112948,0.0034559336183297693,0.004430667739108676,-0.0005592298723453851,-0.0002742048572091513,-0.0005985194201922518,0.0010365433013277423,0.004923169753130746,-0.0007578955516556262,-0.0005415914285236888,0.0015850876251496883
20,-0.0012130804191347704,0.0015646539662218736,0.000553427562454707,-0.0021653945629413317,0.0068751166848575376,0.0032898128302388595,0.2396787686585301,0.00014083725294915698,0.0007544193871959838,0.05272617771614731,0.01741028177252722,0.027121482607466062,0.002893207623408391,0.009372769653527447,0.03187195790838872,0.002249953326056985,0.005749432317811439,0.1339139903832345,0.022222620653350966,0.014464765868035917,0.022672306250662824,0.0055881668539608225,0.04372329539303327,0.39863101044391613,-0.0010976847480325153,0.0074523623712462,0.004274401729462912,-0.0005720598125889288,0.35704117856953477,0.09105874316185308,0.04961541292354532,0.20434321753040158
21,0.006053622060232037,0.8728528881504525,0.08918416230387277,0.2009031131796168,0.010924232275777272,0.0016157577480126273,0.012663697980647712,0.07668188794166254,0.0004351753994350536,0.014490166400892162,0.026659622882825758,0.030735241989204787,1.4967076918658415e-05,0.002840239753550533,-0.0003453394945930034,0.0006693981351895605,0.059049365962792304,0.009398400405952833,-0.000917465978078714,0.05264456218184389,4.8594021689299156e-05,-0.0003705019325152782,4.7869542065785655e-05,8.01122835858318e-05,-0.00015889222805316868,0.00019045592163482978,0.008947641709271599,0.00011204394145249013,4.6945370025766726e-05,-0.0003345616802370957,4.3917322590336876e-05,-0.0010188048107052277
22,0.046396089786857504,0.12380917924561652,0.0011941322913536655,0.039848969748656676,0.034652869625868304,0.0005335083374610326,0.028713072694804335,0.00013893125283771652,0.003949245176703682,-0.00017083910255949927,0.00023039304293119006,0.00360881127922783,-0.0006227408329286141,0.00035576189265531665,6.117588794069117e-05,-0.0013077144709108097,-0.00028757736154271657,-0.0002536807124970697,-0.0007173287922440636,0.0002906622390401854,-0.00019170675612143387,-0.00018517054044283257,0.0009402436908014216,0.001192945161016819,0.0007620773703803834,-6.937980651857363e-06,0.0003706213575682503,0.0006718551411348197,0.0013469704675458669,0.026056710843047406,0.03946036084205317,0.002760043079497048
23,6.0137511311076965e-05,0.0007777752919434451,-0.000833626071252431,0.00019992654679588153,-0.00018052790499380712,-0.0025784747093511385,-0.0018093687376824978,-0.001340073805588945,0.0012711045968586496,-0.0017113871164451358,-5.502770928775642e-05,0.00012206934156460985,0.013900068982154536,0.024499362410463358,0.00986918744997741,0.016492637573863586,0.0011355733439933127,0.0006813180932092439,0.0015700642339784108,-0.002435140696046579,-9.8917818716749e-05,-4.473106758626901e-05,0.0001805129094361184,2.4522375736841753e-05,1.444212451779619e-05,0.00533461031331196,-0.00024587611806878155,0.0001562780923972837,-2.2259341106156113e-05,0.00024877565478846907,0.0011204059307391824,5.8296255396505037e-05
24,6.01662365020438e-06,3.0275923094595814e-06,0.0013164949632877658,-0.0002027499999395854,0.0027339201707106365,0.14824716214141156,0.14993772549866552,0.00857087303610409,-0.0024587295713467843,0.03834489848279306,-0.00035152996287626126,0.03297214076529801,0.0023848786073572418,0.005597326011139881,0.01298241377955648,0.001351678641133718,-0.005282910377191742,0.0212068894330193,0.008238499412709231,-0.009402199999779058,0.012389292652250954,0.1391983446492329,0.04862061064707208,0.01134029880368332,1.6339172132955304e-05,-0.000507535114547246,-9.197109964638314e-05,1.66211192963862e-05,-0.01182847778182224,9.437535143545867e-05,-0.000495293129623207,4.475192246933547e-05
25,-0.0011461802737205802,-0.00015603391563190686,2.8816607203418757e-05,-2.3955511291637406e-05,0.0005047828363617095,0.000321849978347712,-0.002107619807730972,-0.0005133932667080647,0.006411132122057056,0.03195987891287825,0.008071216522838194,0.0037768277647268716,0.003954798279844258,0.0033034432527706092,0.010069129909325509,0.023648564092713785,0.14187972815328054,0.021636499430798838,0.23270039277918197,-0.016710631771864395,-0.0057445707364319675,0.0019133032716776978,-0.0008569229781897368,0.012107517276953788,-0.0003038941465351914,0.00023039324520938938,0.0010341921543104067,0.03315210730781382,0.01353904715490557,0.5502273766703196,0.009862656399135675,-0.003061708174140206
26,0.0037151285965518165,-0.00013655558970179405,0.0011432470779073713,-0.0007522675786083105,0.41364547246182126,0.5611352428591629,0.25578350222488333,0.13961525481211115,-0.001912791049318617,0.023160853321196266,0.005865995484779323,0.0006563134862287011,0.018786966315222003,-0.000364965551039751,0.0076654809632452385,0.0022883993468133567,0.027442200259385607,0.021931794110466453,0.011600408079397625,0.0006285214316251585,-0.0006274585810182321,-0.0003073647820571965,0.020562181429625636,-0.0004320798416482919,0.012671313997846921,0.002512432115649746,0.0005020038035120897,0.017166194656855382,0.003128538520088023,-0.007456194329585425,-0.0007569002889400091,-0.00016038763037634025
27,0.004825450931738944,0.00023404883043798597,-0.0002740121804750837,-0.0002540036024551026,-0.005584920477543481,0.00043275755455051627,-0.00021454651431260634,0.0005967998936165503,-0.0006237316994645476,0.0011899717253257792,-0.00023221605503721268,-0.0008920093467332624,-0.00022595112140362061,-0.00011239645168252654,-6.982980810139237e-05,-0.001267576433414787,-6.442479957820278e-06,0.0008554927903602582,0.004428189480466541,0.00012760183929857625,-0.002045710809629967,-0.0033161171960614925,-0.00634468475617974,-0.0037760013908282658,-0.0007320680229911976,0.0075938295994409065,0.010269493862514582,0.00730746321009295,0.0010610213646521927,0.05956147310420938,0.00012522329369821502,0.013684622518617101
28,0.1297225365271935,-0.001821271920096283,0.00883636215693271,0.002130285323475281,0.001815953837260941,0.0016078129073613366,0.00010933498451612831,0.0011211546567770172,-0.00210101356333737,0.0010587672842034387,-0.0013981460985554826,-0.001441325537219845,0.049477143093471614,0.006310009201187894,0.10486027816841505,0.017630399729871103,0.015451570226056543,-0.0012098860417016492,0.01566621663883261,7.273730109719705e-05,0.0005851322709165546,0.00010239937726189133,0.014475757719704468,0.07822746173289027,0.004909934824947858,0.03216234267567078,0.03285770071038294,-1.8426196068120313e-05,0.0022697923409992753,0.005889068361860595,0.0008327327702379872,0.08576116950263804
29,0.03055093342362486,0.003252300849327675,0.08506179050083074,0.00035387736100416786,-1.8513721847965035e-05,-6.354424883337085e-05,-7.601080976460456e-05,0.0005218468100776479,0.005703086335195136,0.15287886399489184,0.11998123065378871,0.0020623073318964753,0.04106940705312323,0.011124283803534184,0.143055580104638,0.009273143699266252,0.040484122021705315,0.0019383527574496043,0.05296002556295956,0.004592027707337253,0.0014619818639971013,0.00022010738493630295,0.15774971802310167,0.0010269940708557397,-0.0004931514619162716,-0.00015888343569380104,-0.000358422633209919,-0.0005477971081280605,0.0023040301120119404,0.0019491369368264055,0.001098853268774387,0.0003181832947882057
30,0.0030593397390788497,0.46103926438551684,0.09062978131738723,0.22048966765943157,0.043965694375707014,0.02046806715192838,-0.07069847486677212,0.016626680814302883,0.19461403756120085,0.4828803325670337,0.13235026571006256,0.2793642760401937,0.0013837615828708287,-0.006009439321664664,-0.011238754065328054,0.0036959117354311015,0.04735319042637337,0.008911530680246483,0.02035520044387196,0.04254154533282664,0.005104865855221295,0.0055644971752598265,7.868072026455586e-05,-0.0015457774718962126,0.009314310928275683,0.0030584447524126834,0.13633264394906852,-0.0008600165941057166,0.0252349421988785,0.27932581491599795,0.0016808618787187229,0.0868953981011162
31,0.0007775423213906957,-0.004646903680999894,0.004735692917491516,0.03574084804068863,0.17349198975714084,0.04889927859759439,0.2312353626095871,0.0021725546720340783,-0.0006223014037533586,0.022066131867974053,0.002679772182827083,0.0014298111065480503,0.0028618717625130347,0.0043936638810515944,0.0011636777161473059,0.00021499864655921515,0.06707544801461751,0.0899495258590215,0.06471756119533902,0.10535107090462387,0.007612951632538533,0.005095620824201075,0.00035051760090961683,1.4728011049295376e-06,0.002007142666777874,0.05847945407504949,0.00835402303151955,0.2170445161707261,0.012747997611895946,0.05408647114335142,0.002011576173532062,0.07978107918441565
