layer,0,1,2,3,4,5,6,7,8,9,10,11,12,13,14,15,16,17,18,19,20,21,22,23,24,25,26,27,28,29,30,31,32,33,34,35,36,37,38,39
0,-0.009191513061523438,0.001461744308471675,0.0029268264770507873,-0.0002160072326660126,0.0046749114990234375,0.00039005279541014996,0.0055694580078125,0.0015115737915039125,-0.0077075958251953125,-0.001617431640625,0.0017547607421875,0.0030330419540405247,6.29425048828125e-05,0.0018761157989501953,0.0001683235168456875,0.003387451171875,-0.0091562271118164,-0.00650882720947265,0.002655029296875,-0.0031585693359375,-0.006112098693847662,-0.0007305145263671875,-0.0047054290771484375,-7.62939453125e-05,0.002033233642578125,-0.00018477439880371265,-0.0020694732666015625,-0.0005838871002197248,-0.006096839904785162,-0.001489877700805675,-0.0044994354248046875,-0.01236820220947265,-0.0038170814514160126,0.0038013458251953125,-0.0028805732727051,-0.005007743835449225,-0.002888679504394525,-0.006913661956787113,-0.001050114631652818,0.008087158203125
1,-0.00598907470703125,0.011932373046875,-0.0096435546875,0.005589485168457025,-0.0007494688034057626,-0.0001220703125,-0.00019038468599318512,-1.2442469596862793e-06,0.0008934736251830875,-0.001142637338489305,-0.026782989501953125,-0.007415771484375,-0.00894927978515625,-0.00421810150146485,0.005950927734375,0.0010389834642410278,0.0009899139404296875,-1.0209158062934875e-05,0.0035982131958007873,0.0023946762084961,0.00847625732421875,-0.015697479248046875,-0.0309600830078125,0.005421638488769537,0.00786590576171875,0.0004730224609375,-0.01895904541015625,-1.8995720893143825e-05,5.061179399488794e-05,-5.155801773072861e-06,0.00174713134765625,-0.0005941390991210877,-0.00154876708984375,0.0066623687744140625,0.00444793701171875,-0.001009941101074225,0.0003681182861328125,0.025653839111328125,0.0030965805053710877,0.00730133056640625
2,0.00039196014404296246,0.01026153564453125,-0.0058689117431640625,0.0006406307220458876,0.0013456344604492125,0.0049276351928711,-0.001368165016174325,0.00920867919921875,0.008573293685913088,0.0021266937255859375,0.002811431884765625,0.001750946044921875,-0.0011007189750671387,0.0015640258789062374,-0.0036555528640747122,0.005564689636230463,-0.00016736984252929996,-0.02320098876953125,0.0006504058837890625,0.011798858642578125,-0.006723728030920029,-0.0013456344604491999,0.0003957748413085749,0.0066673755645752,0.01549530029296875,-0.0048999786376953125,-0.028472900390625,-0.00048542022705077496,-0.0016031265258789,0.00011348724365231246,0.006095409393310537,-0.0046329498291015625,0.0026187896728515625,-0.001277923583984375,-0.010478973388671875,-0.016811370849609375,-0.0026571750640869123,0.00618743896484375,0.043548583984375,-0.001053988933563225
3,-0.00027486681938173105,-0.0079665184020996,-0.01630401611328125,-0.007328510284423838,-0.00205326080322265,-0.006234049797058087,-0.007171630859375,-0.014192581176757812,-0.027688980102539062,0.0006623268127441372,0.002017974853515625,0.003093719482421875,0.00037217140197752345,0.0008126199245452818,0.0095367431640625,-0.00011014938354493754,-0.0038943290710449123,0.0005779266357421875,0.0099717378616333,-0.005573272705078125,-0.00405120849609375,-0.007326602935791012,0.0047607421875,-0.0050945281982421875,-0.007411837577819825,0.00482940673828125,0.005944252014160162,-0.005755424499511725,-0.002713680267333988,0.0026159286499023377,-0.017114639282226562,-0.011951446533203125,-0.01113128662109375,0.001941680908203125,0.03267669677734375,0.004817008972167963,0.009609222412109375,-0.000324249267578125,-0.0004119873046875,0.1251983642578125
4,-0.0013430118560791,-0.01975250244140625,-0.0004606246948242124,-0.00876688957214355,-0.0073146820068359375,0.00616455078125,0.0022432804107666,0.003631591796875,0.0037689208984375,0.0068511962890625,-0.00441718101501465,-0.003406524658203125,0.007904052734375,-0.026523590087890625,-0.0199127197265625,-0.011493682861328125,-0.0200653076171875,-0.007264614105224613,-0.02816009521484375,-0.04190254211425781,0.0028843879699707,-0.0017108917236328125,0.004355192184448237,-0.0010509490966796875,0.00455474853515625,0.0043201446533203125,0.01125335693359375,0.01778411865234375,0.0121917724609375,0.028873443603515625,-0.004669666290283213,-0.0006246566772461007,-0.0023121833801269627,-0.001552581787109375,-0.026910781860351562,-0.011075973510742188,-0.017730712890625,0.00920867919921875,9.822845458983746e-05,-0.01612043380737305
5,-0.0020809173583984375,6.836652755735663e-05,0.009126663208007812,0.147918701171875,-0.0062713623046875,-0.009576797485351562,-0.0032625198364257873,-0.003871917724609375,-0.005634069442749025,-0.0026094913482666,-0.0006666183471679625,-0.002553611993789673,-0.0014581680297851625,-0.006460905075073238,-0.00184398889541625,-0.0011363625526428145,-0.0019140243530273375,-0.00445556640625,-0.02010345458984375,-0.00319766998291015,-0.00531005859375,-0.004526019096374512,-0.0049901008605957,-0.003192663192749025,-0.006257534027099613,-0.0133819580078125,-3.626942634583223e-05,-0.00027388334274291054,-0.000831246376037575,-0.0006481409072876,0.000626504421234123,0.00011062622070313758,0.0080413818359375,5.626678466797504e-05,0.00046539306640626247,-0.0005208849906921684,-0.005388736724853512,0.0004024505615234249,-0.005557060241699225,-0.0012528896331787
6,-0.01216888427734375,-0.007045745849609375,-0.0031752586364746,-0.009176254272460938,0.0034555196762085,0.0052242279052734375,-0.00327301025390625,-0.0200347900390625,0.0373992919921875,-0.005054473876953125,-0.0032665729522705,-0.005400180816650387,-0.00238776206970215,-0.006080508232116687,-0.004160881042480475,-0.012125968933105476,-0.0098419189453125,-0.004443168640136713,-0.0009000301361083875,-0.003217220306396475,-0.005021333694458,-0.012983322143554688,-0.0021996498107910126,-0.0059108734130859375,-0.003926634788513163,-0.0069713592529296875,-0.0014858245849609375,-0.003826141357421875,-0.0052852630615234375,-0.000927925109863275,-0.001423835754394525,-0.002048611640930175,-0.0015316009521484375,-0.004274845123291012,-0.0039615631103515625,-0.000423431396484375,-7.593631744385468e-05,-0.00014913082122803748,-0.011913299560546875,-0.005894660949707025
7,-0.003537178039550775,-0.0035066604614258,-0.003522992134094238,-0.003682255744934075,-0.0016125440597534123,-0.0031280517578125,-0.004364013671875,-0.002079963684082025,-0.0011806488037109375,-0.0045928955078125,-0.0026073455810546875,-0.00041913986206053755,-0.0036716461181640625,-0.00021684169769285,-0.0010167360305785868,-0.008054673671722412,-0.002166688442230206,-0.0013418197631835877,-0.002788543701171875,-0.0043797492980956875,-0.002437591552734375,-0.008754730224609375,-0.00028491020202634995,-0.004624366760253887,-0.00041961669921872506,-0.0037364959716796875,-0.0019102096557617125,-0.00112485885620115,-0.0006265342235565014,-0.003567218780517575,-3.463774919509264e-05,-0.0027379989624023377,-0.017110347747802724,0.044647216796875,-0.0048313140869140625,0.000102996826171875,-0.025409698486328125,-0.000365853309631325,-0.00507354736328125,-0.01136016845703125
8,0.008602976799011237,-0.00010442733764648752,0.0009092688560485875,0.4212646484375,0.0004420280456542875,-0.0208892822265625,-0.0011998414993286,-0.0038013458251953125,0.0006769895553588774,-0.002292633056640625,-0.00485849380493165,-0.01815032958984375,-0.0019354820251464748,-0.006968498229980475,-0.02425384521484375,-0.002223730087280275,-0.001537442207336425,-0.004405975341796875,-0.000843226909637448,-0.00207093358039855,-0.0018390417098999,-0.002299278974533087,-0.0030357837677001996,-0.008413314819335938,0.0014743804931640625,-0.00041925907135011246,-0.004670143127441412,-0.0061962604522705,-0.00026455521583558224,0.0002988874912262025,-0.0012679100036621124,0.00022765994071959826,0.026271820068359375,0.002478837966918925,-0.00457763671875,-0.004464149475097662,-0.0012278556823730376,-0.0021686553955078125,-0.00589752197265625,-0.0011315345764160124
9,-0.00041866302490235004,-0.004962921142578125,-0.008283615112304688,-0.003861218690872183,-0.005726814270019525,-0.00131332874298095,-0.0008036494255065903,-0.0028820037841796875,-0.0004076659679412857,-0.0023176670074463,-0.0035231113433838,0.0009684562683105499,-0.016291141510009776,-0.0013799667358398624,-0.010365843772888187,-0.0036014318466186497,-0.003018379211425775,0.0004281997680664,-0.0001763105392456,-0.0052089691162109375,-0.0036219358444213876,-0.001689791679382325,-0.0071506500244140625,-0.005637168884277338,-0.00897216796875,-0.0010552406311035124,-0.006566047668457025,-0.0032199621200561584,-0.0009233355522155793,-0.0017464756965637125,-0.005360603332519525,-0.005565166473388662,-0.004807889461517328,-0.0022144317626953125,-0.001602888107299775,-0.00019732117652893066,0.00048351287841797504,0.0029206275939941376,-0.00015521049499511247,0.00334811210632325
10,-0.0020160079002380254,-0.00117766857147215,-0.0009954273700714064,-0.0010147094726562624,-0.007939934730529799,-0.001996278762817375,-0.0030689239501953125,-0.009038448333740224,-0.0015096664428710875,-0.00058603286743165,0.0018630027770996,0.0427260398864746,-0.0010318756103515625,-0.001206874847412125,0.00025177001953125,0.001361846923828125,0.0002276897430419875,-0.0014192461967468247,-0.000185966491699225,0.00045132637023927505,-0.008411645889282225,-0.024922370910644538,-0.014780998229980462,-0.006000518798828125,-0.00257015228271485,-0.001757860183715825,-0.019649505615234375,-0.00226593017578125,0.005856513977050775,-0.0015823245048522886,-0.000360608100891125,-0.0038637518882751434,-0.0008192062377929688,-0.0012428760528564375,-0.002053737640380875,-0.0052394866943359375,-0.002582788467407225,-0.01605987548828125,-0.003778934478759775,-0.00957489013671875
11,-0.0011265277862548874,-0.0017481446266174394,-0.001345634460449226,-0.0023102164268493652,-0.0013270378112792876,-0.00022618100047112763,0.00013065338134765015,0.000411689281463625,0.0027487277984619123,0.00037908554077151256,-0.004078626632690412,-0.0008697509765625048,-0.00156283378601075,-0.002691507339477525,-0.0039806365966796875,0.00013780593872069998,-0.0006203651428222624,-0.011016845703125,-0.0009209513664245402,-0.0010265111923217875,-0.002202033996582025,-0.0017249584197997997,-0.002390861511230475,-0.001827716827392575,-0.004779815673828125,-0.011206626892089837,-0.0010838508605957,-0.0009164810180663875,-0.0002470016479492,0.0001060962677001875,-0.0023137927055358713,-0.0038563013076782253,-0.0010897964239120499,-0.004053443670272845,-0.0028749704360961905,-0.013042449951171875,-0.0013923645019531124,-0.00010341405868532499,-0.00168657302856445,-0.00302886962890625
12,0.003551483154296875,0.013630017638206487,0.00512757897377017,-0.0068798065185546875,0.1952524185180664,-0.005412936210632312,-0.0008014440536499,-0.00104808807373045,-0.00083351135253905,-0.00670623779296875,0.000972747802734375,-0.0005270540714263893,0.0008513927459716875,0.0012185573577881126,-0.001064896583557125,-0.013288497924804688,-0.009473681449890125,-0.006500065326690689,-0.014410972595214826,-0.0024413168430328243,-0.00136566162109375,-0.004015445709228512,-0.004856586456298825,-0.005103975534439087,-9.864568710327506e-05,0.0001503825187683152,0.00132596492767335,0.001546621322631825,-0.00011157989501954845,1.1205673217785933e-05,-0.0024385452270507626,-0.004503607749938962,-0.002445578575134275,-0.0005609989166259625,-0.008243560791015625,0.13372039794921875,0.0035810470581054627,0.004697427153587336,0.013933181762695312,-0.0037026405334472626
13,-0.0052700042724609375,-0.0004847049713134875,-3.7193298339839095e-05,-0.002322971820831317,-0.00568294525146485,-0.0014600753784179748,-0.003513336181640625,-0.00489044189453125,-0.0037703514099121,-0.0014864206314086873,7.390975952137514e-06,0.0032000541687011623,0.0002827644348144375,0.00011789798736571249,0.0005335807800292874,-0.002568244934082025,-0.0860137939453125,-0.00897979736328125,-0.007794380187988275,-0.02303314208984375,-0.008409500122070312,-0.005926430225372318,-0.0033662915229797363,-0.0033354163169860783,-0.0028183460235595877,0.58721923828125,0.0297698974609375,-0.0001543164253234836,0.35113525390625,-0.00186824798583985,0.0013523101806640625,-0.020559310913085938,-0.0028181672096252424,-0.00144195556640625,0.0090806484222412,0.0008702278137207124,0.13364601135253906,-0.002735137939453125,0.005767792463302635,-0.00591278076171875
14,0.002287864685058575,0.00310611724853515,0.001203298568725575,0.00179290771484375,-0.00023007392883301247,0.00025582313537595,-0.003537893295288075,0.00036716461181639996,0.0072383880615234375,0.0008850097656249874,0.00031948089599610004,0.00498199462890625,-0.00415194034576415,-0.0007873773574829125,-0.0027742385864257873,0.00023007392883299998,-0.0004749596118926939,-7.396936416626134e-05,-0.001325249671936043,-0.0029109418392181457,-0.0018456280231475804,-0.0012874603271484375,0.0009627342224120875,-0.0074367523193359375,-0.0071258544921875,-0.010740280151367188,-0.0010535717010498125,-0.0004442930221557429,-0.0048788636922836364,-0.001620531082153325,-0.001003079116344455,0.00336313247680665,-0.0026383399963378876,-0.0001208186149597125,-0.00047698244452478377,-0.00036478042602540315,0.0657958984375,0.0011310577392578,-0.0074901580810546875,-0.0005908161401748393
15,-0.0015835762023925874,-0.009431838989257812,-0.00029599666595459613,-0.012821197509765625,-0.021480560302734375,9.5367431640625e-05,0.013744354248046875,-0.002236366271972637,-0.004447340965270987,0.00879669189453125,-0.022769927978515625,-0.007450193166732785,0.0005867481231689375,-0.007664203643798838,-0.0205545425415039,0.0035953521728515625,-0.0009135603904724028,0.0047410726547241,0.00043487548828125,-0.0013516545295715302,0.03556060791015625,0.0002612471580505371,0.0164031982421875,0.0010612010955810376,0.0030059814453125,-0.00911712646484375,-0.0004043579101562563,-0.0027297735214233503,0.007144451141357425,-0.0034039020538330126,0.05804443359375,0.0019047260284423626,0.03339385986328125,0.024649858474731452,-0.007869720458984375,-0.02108001708984375,0.05501842498779296,-0.0017917156219482374,0.005581140518188475,-0.011641502380371087
16,9.751319885253126e-05,-0.0012171268463134625,-0.00036942213773727883,-0.003940105438232412,0.0011817812919616543,0.003902435302734375,-0.0005363523960113525,-0.0012662708759307749,-0.0202012062072754,0.00018602609634397617,-0.009751439094543457,-0.003505706787109375,-0.0023469924926757812,-0.0006570816040039125,-0.0019263029098510625,0.0032222867012023895,-0.0029573440551757873,-0.002095222473144525,0.0020776987075805625,0.0025835037231445126,0.020143508911132812,0.0377655029296875,-0.47126007080078125,0.37530517578125,0.1087188720703125,-0.0006866455078125125,-0.0006736367940902503,-0.00244808197021485,-0.00278735160827635,-0.002827763557434075,-0.013614892959594711,-0.0004296302795410164,-0.0004799664020538369,-0.004225969314575175,-0.003612518310546875,-0.0247344970703125,-0.0013732910156249874,0.0005092024803161402,-0.008973121643066413,-0.006744384765625
17,0.00023514032363891366,-0.001027107238769525,-0.0003833770751952999,-0.0012285709381103375,-0.0006046593189239718,-0.0005898475646973,0.0009670257568359375,0.0030689239501953125,0.0017213821411132875,1.549720764160003e-05,0.002371788024902325,1.2874603271462515e-05,0.013981103897094725,0.00023639202117918748,0.0022568702697753876,-0.004241943359375,-0.0001523047685623169,-0.0017116665840149,0.0001125335693359375,-0.000759124755859375,-0.0011019706726074375,-8.702278137208758e-05,-0.0034847259521484375,0.001154839992523175,5.316734313963748e-05,-0.0010626316070556875,0.0011117458343505625,-0.0051681995391845625,0.009876251220703125,0.00052475929260255,0.116668701171875,-0.0006108283996582249,0.006805419921875,0.0052328109741211,-5.221366882325005e-05,0.034236907958984375,0.57598876953125,-5.340576171875e-05,0.010416984558105476,0.013729095458984375
18,-0.000889301300048825,0.000263214111328125,0.00788307189941405,-0.00046530365943908534,-0.0016627311706543125,0.0009450912475586,-0.00374841690063475,-0.00021100044250488747,-0.00023487210273741112,0.000331878662109375,0.17926788330078125,0.21243667602539062,0.009878277778625462,-1.7091631889331153e-05,0.000432014465332025,-0.0033422112464904816,0.000793933868408225,-0.0016009211540222075,-0.0012859106063842626,-0.0013259649276733249,-0.0016121864318847626,-0.0004129409790039002,0.0020660161972045872,-0.0003180503845214875,0.0003082156181335519,0.227783203125,-0.000278472900390625,0.01515865325927735,-0.002105712890625,9.536743164062527e-06,0.001913547515869125,-0.0005921125411987,-0.00016069412231444998,0.0017149448394775408,-0.0018596649169921751,-0.007966995239257812,-0.00432634353637695,-0.091278076171875,0.1488800048828125,-0.008121490478515613
19,-0.0006662607192993251,-0.0026516914367675877,-0.00026234984397887164,-0.0007458031177520689,-0.00079500675201415,-0.005584716796875,-0.00170135498046875,-0.00631093978881835,0.00116729736328125,0.0005207061767578251,-0.0003554821014404249,-0.0018972717225551464,-0.00200653076171875,0.0022830963134765625,0.0006651878356933499,0.00473785400390625,0.00785064697265625,-9.532272815704346e-05,0.00226640701293945,-0.0008392333984375,0.0035638809204101623,0.07135391235351562,2.7179718017587503e-05,0.032352447509765625,7.504224777223086e-05,0.0038299560546875,0.0010155439376831,0.00011742115020755002,-0.011749267578125,-0.020818710327148438,-0.003368854522705075,-0.0017408132553100501,-0.001752376556396475,-0.0008974075317382625,-0.0015239715576171875,0.02245283126831054,0.01425111293792724,0.0001306533813476499,0.006208300590515125,0.0530853271484375
20,0.005146026611328125,-1.0371208190937755e-05,0.00023904442787168925,-0.00027990341186524993,0.01625823974609375,0.001438260078430175,-0.0019882917404175,0.014129161834716786,0.0013955831527709625,-0.00121474266052245,0.0004486441612243375,-0.00045108795166016254,0.0018062591552734375,-0.0004759430885314856,-0.00022602081298828754,0.002061903476715094,0.3802490234375,0.01866912841796875,0.07672691345214844,-0.11472511291503906,0.0197310447692871,0.00554728507995605,0.04852294921875,1.571258544921875,0.012111663818359375,-0.00030273199081423555,0.01445770263671875,0.0007378458976745575,-0.009654998779296875,0.0005366951227188188,-4.076957702637498e-05,-0.00125885009765625,0.00019097328186033747,0.009639739990234375,-0.0004323720932007,-0.05675864219665526,-0.0213775634765625,-0.1022491455078125,-0.005945682525634762,0.0003355741500854375
21,0.000946044921875,-0.0008163452148437626,0.001440763473510725,0.007160902023315425,-0.0005692429840564845,-0.005148410797119137,-0.0025653839111328125,0.004276275634765625,-0.0011844635009765625,0.00012028217315672484,0.009281158447265625,0.0025569200515747,-0.0007292628288269043,7.605552673336247e-05,0.0008735656738281125,0.05755615234375,-0.0002179145812988251,0.0003829002380371125,0.0123138427734375,0.129638671875,-0.0016841888427734375,-0.005063176155090339,-0.0033094882965087873,-0.00311058759689332,-0.13255691528320312,0.081024169921875,-0.001739501953125,0.0016994476318359375,0.000173062086105317,0.262451171875,0.002552032470703125,-0.00041646510362627155,0.0010561943054199251,0.0094146728515625,-0.0021743774414062374,-0.0034856796264648377,0.0006086826324462875,-0.00429582595825195,-0.010019183158874512,-0.003506660461425775
22,0.010811805725097663,0.006824493408203125,0.02386474609375,0.0604705810546875,-0.0019712448120117127,-0.007202625274658213,-0.0016117095947265625,-0.0012149810791015625,-0.000889778137207025,4.291534423837422e-06,-0.0013861656188964748,-0.0014333426952362171,-0.0006568729877471846,-0.0009324550628662,-0.013263940811157225,-0.0037909746170044127,0.0329742431640625,0.1995849609375,0.0006752014160156375,-0.0066397786140442,-0.0004621744155883711,-0.0026539564132690625,-9.380280971518507e-06,0.000408649444580075,0.0016021728515624998,0.0009179115295410375,0.0003569126129150328,-0.0773773193359375,-0.008550375699996948,0.002507448196411137,0.001868546009063725,-0.003681182861328125,0.0022995471954345625,0.00033712387084960005,-0.014277160167694088,0.001766681671142575,0.5020751953125,-0.022334575653076175,0.0115818977355957,-0.08151054382324219
23,-0.005563974380493162,0.00604963302612305,0.00015687942504882498,0.0021228790283203125,0.006214141845703125,-0.003992557525634762,0.003153085708618175,-0.004938721656799313,0.007156848907470713,-0.010677337646484375,-0.011911392211914062,0.01458740234375,0.007173657417297375,-0.0028533935546875,0.0075531005859375,0.0010304450988769375,0.002483367919921875,0.0037848949432373,0.0018606185913085875,0.0411224365234375,0.0024044513702392704,-0.0038290023803710877,0.00014980137348173057,-0.0005984306335449301,-0.0002256333827972217,0.00037533044815064994,-0.00811767578125,-0.024272918701171875,-0.034698486328125,0.009341478347778326,-0.021649360656738288,0.00689697265625,0.0008859634399414002,-0.0004410743713378875,0.06789398193359375,0.00019073486328123753,-0.0012814998626709,-4.38690185546875e-05,-0.0009238123893737554,-0.00092267990112305
24,0.00859737396240235,0.06097412109375,0.005370140075683588,0.011287689208984375,-0.021349430084228512,-0.0053863525390625,-0.0017695426940918,-0.0013074278831482,1.109375,-0.001689910888671875,0.00016498565673827502,0.033660888671875,0.00499725341796875,0.0009472370147705126,0.0117340087890625,0.0023878812789917,-0.009003400802612287,-0.0024037957191467237,0.0012197494506835998,-0.0005679130554199126,-0.0457916259765625,2.0556640625,0.468536376953125,0.01300811767578125,0.09581756591796875,0.00011563301086425,0.0012950897216796626,-0.0012869834899902374,0.00038909912109375,0.00527286529541015,-0.00055837631225585,0.0153656005859375,0.00098323822021485,-0.00673770904541015,0.0031042098999023377,-0.0012464523315429453,-0.0007404088973999,-0.002544462680816659,0.015824317932128913,0.0030562877655029254
25,0.10455369949340822,0.10695147514343263,-0.0052738189697265625,0.1285247802734375,-0.021351575851440437,0.007270097732543942,-0.38274216651916504,2.1542510986328125,-0.13194656372070312,-0.001523017883300775,0.029083251953125,0.007904052734375,0.04150390625,0.0008327960968017578,-0.002475738525390625,-0.04033851623535156,0.000301305204629884,0.04476082324981689,0.20838689804077148,0.03612041473388671,-0.0001699924468994125,0.010598182678222663,-0.000834822654724125,0.006793975830078125,0.09033203125,0.009305953979492175,0.2516498565673828,-0.010110855102539062,-0.0032392740249633624,0.007284037768840779,0.004139900207519525,0.001188278198242175,0.0117950439453125,-0.0004985928535461262,0.00028699636459348754,0.22258758544921875,-0.0017397403717041126,0.00011968612670899999,-0.003984332084655768,0.0011548995971679627
26,0.05670166015625,0.011444091796875,0.001942276954650875,-0.020473748445510864,0.006987214088439925,-0.015245437622070312,0.00788116455078125,0.013214111328125,-0.006566524505615238,0.03568267822265625,0.034759521484375,0.070648193359375,0.01074981689453125,0.0335235595703125,0.003772735595703125,0.01324462890625,0.00952816009521485,0.003284454345703125,0.0262451171875,0.067962646484375,0.010280847549438487,0.08984375,0.4875144958496094,0.0018039941787719499,-0.008104562759399424,0.0003376007080078125,-0.00173819065093995,0.0006175637245177999,0.002239227294921875,0.0027790069580078125,-0.10135507583618164,0.009677886962890625,0.176055908203125,0.002002239227294925,-0.0115814208984375,0.0016285181045531999,0.0009365081787109249,0.0010268390178680045,-0.0022106170654296875,0.004221916198730463
27,0.00032603740692140005,0.01279449462890625,0.00453901290893555,0.002345085144042975,0.0027790069580078125,0.0159759521484375,0.0008935928344726625,-0.0010928511619567871,0.00022786855697630505,-0.00015151500701906248,-0.002166748046875,-0.0014047026634216371,-0.00470733642578125,-0.021454811096191413,0.031076431274414062,-0.0012562274932861376,-0.0002655982971191375,0.001933574676513675,-0.0048213005065918,-0.0042266845703125,-0.0007452964782714805,0.0189971923828125,-0.0023050308227539,-0.004858493804931625,0.00022870022803543122,0.0257720947265625,0.010501861572265625,0.016230583190917962,0.003231525421142575,0.0289306640625,0.03411865234375,0.012820005416870136,0.016298294067382812,0.00567626953125,0.0011129379272460875,-0.0007755160331726249,-6.872415542604179e-05,-0.004579067230224613,0.0040569305419921875,-0.0157279968261719
28,0.0068111419677734375,0.0007307752966880798,-0.015640795230865485,0.0023556947708130104,0.00247859954833985,-0.010019302368164062,0.038814544677734375,-0.0003559589385986125,0.003162384033203125,-0.002865552902221675,0.01934051513671875,-0.05106353759765625,0.0054225921630859375,0.091949462890625,0.018163681030273438,0.010622978210449226,-0.0001193284988403413,0.004084587097167963,-0.018157958984375,4.856288433072222e-05,-0.0006701946258545,0.0007545948028564249,-0.004032135009765613,0.0006444454193115375,-0.000309109687805175,0.0002527236938476375,0.005322456359863275,0.00022625923156735,-0.007480621337890625,0.0399169921875,-0.0012805461883544733,-0.011524200439453125,0.0017838478088378874,-0.001552581787109375,4.553794860841248e-05,-0.0002460479736328125,-0.0006473064422607374,0.0132598876953125,0.00023841857910157508,-0.0001926422119140625
29,-1.9073486328125054e-05,0.0008537769317627,-0.0370635986328125,-0.0001478791236877515,0.002604007720947275,-0.0671234130859375,0.0294342041015625,0.142913818359375,0.580108642578125,-0.615753173828125,0.0132904052734375,0.0168614387512207,0.28502655029296875,-0.008533477783203125,-0.09557151794433594,0.0097522735595703,-0.036285400390625,0.00682830810546875,-0.023630142211914062,-0.00554752349853515,-0.043422698974609375,0.0611572265625,0.0011415481567382873,-0.00061798095703125,0.00774383544921875,0.0023026466369628876,0.007213592529296875,0.009093284606933587,-2.2649765014500037e-06,2.2336840629581543e-05,0.0012687146663665748,6.43096864223574e-05,-0.0006912052631377916,-0.0003299713134765625,-0.004070281982421875,-0.078948974609375,0.013291478157043476,-0.03912353515625,0.0562896728515625,0.0058307647705078125
30,0.0294036865234375,0.0556182861328125,0.0014171600341796875,0.00348782539367675,0.005795001983642588,-0.0094747543334961,0.00187158584594725,0.0052280426025390625,0.181396484375,0.005909919738769537,0.03199005126953125,0.0263519287109375,0.0120391845703125,0.013942241668701161,0.003920078277587887,-0.0007582232356071621,0.012363433837890625,0.0007266998291015625,0.003017425537109375,-0.0016829818487167545,0.000836372375488275,0.006755828857421875,0.00045919418334958753,0.0175628662109375,-0.10947799682617188,-0.00533199310302735,0.1479644775390625,-0.0043177604675293,-0.09027099609375,0.038288116455078125,0.0015463232994079527,0.0011339187622070373,0.0008983612060546875,0.006962776184082037,0.004577666521072403,0.01477813720703125,0.008205175399780275,0.0037984848022461,0.0606536865234375,-0.013394415378570557
31,-0.0007401704788207945,-0.00030295550823210965,0.3916015625,-0.007712125778198225,0.00084686279296875,0.00341200828552245,0.002938747406005875,0.017552852630615238,0.0047512054443359375,-0.00044798851013183767,0.135833740234375,0.00580692291259765,-0.004520416259765625,0.015906333923339837,0.0043802261352539,0.004864692687988287,0.01401519775390625,-0.018993377685546875,0.00024890899658203754,0.015459060668945312,0.020751953125,0.0007845237851142859,-0.0019407272338867248,0.06793212890625,0.0008381605148315375,0.016204833984375,0.079071044921875,0.01845550537109375,0.004199504852294925,0.0005755424499511624,0.0006775856018066376,0.0003662109375,-0.00347280502319335,-0.00015735626220703754,0.0016394853591918876,-0.0025501251220703125,-0.001700758934021014,0.00024825334548950824,-0.0043504238128662005,5.178526043890812e-05
32,0.0025699734687805176,0.00344061851501465,0.007534027099609375,0.011684417724609375,0.004680633544921875,0.112152099609375,-0.00010323524475097499,-9.459257125852382e-05,0.019265174865722663,0.0037841796875,0.0060904026031494245,0.04150390625,0.10089111328125,0.017486572265625,0.0025768280029296875,0.058502197265625,-0.31036376953125,0.0196075439453125,0.0056400299072265625,-0.0670175552368164,0.985107421875,0.0701141357421875,-0.361907958984375,1.275390625,0.007473707199096668,-0.0010261535644531376,-0.0023407936096191124,0.0102529525756836,-0.0054335072636604274,-0.0016243457794189624,0.0009212493896484375,0.0011821985244750998,-1.1622905731213308e-05,0.00046753883361817035,-0.02261996269226074,-0.011122226715087887,-0.0009689331054687374,-0.00034093856811525,-0.0037223100662231376,-0.003124237060546875
33,-0.00010424852371215669,0.0004527568817138375,-0.0006089210510254002,0.0005865097045898375,0.00583648681640625,0.0023059844970703125,0.00022125244140625,0.00934600830078125,0.014774322509765625,-0.0110321044921875,-0.00039219856262208706,-0.00627899169921875,0.01096343994140625,0.02740478515625,0.001407623291015625,0.06934356689453125,0.00027370452880860004,-0.0008151531219482374,-0.0004829689860343831,-0.0042896270751953125,0.0018458366394043,0.00188446044921875,0.001080513000488275,0.002437591552734375,0.00025200843811035,0.012451171875,0.002573966979980475,0.0008106231689453125,0.0192718505859375,0.002743721008300775,0.03104400634765625,-0.0015392303466796875,0.0041656494140625,0.0281524658203125,0.01592254638671875,0.18623733520507812,0.037384033203125,-0.0009233951568603375,0.0042562484741211,-0.0611419677734375
34,-0.00041496753692627577,0.00023925304412839994,-4.38690185546875e-05,0.00020879507064820352,0.0003600120544433633,-0.00069427490234375,-0.042415618896484375,0.00394344329833985,0.0073604583740234375,0.010595321655273438,0.41025543212890625,0.2791264057159424,0.0008305311203002625,1.5702098608016968e-06,0.00033500790596006664,-0.00016582012176513748,0.00183379650115965,-0.0027793049812316825,-0.001101553440094002,-0.0019545555114746124,0.060943603515625,0.00885009765625,0.008676528930664062,-0.002513408660888675,0.00136566162109375,0.0250244140625,0.056121826171875,0.05010223388671875,0.02191162109375,-0.012928009033203125,-0.01177978515625,-0.0009021759033203125,-0.00237655639648435,-0.0128631591796875,-0.0071735382080078255,-0.03179168701171875,-0.028518199920654314,-0.012704849243164062,0.307037353515625,-0.176239013671875
35,-0.00178349018096925,-0.00107216835021975,0.0007328987121581874,-0.0014404058456421124,-2.9802322382233644e-08,0.027252197265625,0.007328033447265625,-0.00150299072265625,-0.0009326934814453125,0.002445220947265625,0.009282112121582038,-0.00163936614990235,0.0024318695068359375,0.0029201507568359375,0.001370429992675775,0.0014770179986953705,0.00926971435546875,0.0002990961074829055,0.0017690658569336,0.002414703369140625,0.0015287399291991875,0.045048713684082024,0.0004360079765319316,1.2098388671875,0.5840282440185547,-0.015499457716941833,-1.0207295417814186e-05,0.0179443359375,-0.0158233642578125,-0.0005817413330078125,0.0007860064506530622,-5.781650543212495e-05,-0.0010468363761901918,0.004734039306640625,0.0002894401550293251,0.285858154296875,0.0035552978515625,-1.478195190432499e-05,0.0243072509765625,0.04376220703125
36,0.00144386291503905,0.006711483001708975,0.0005235671997070375,-6.866455078126255e-05,0.0020809173583984375,0.00029659271240233746,-0.0026423931121826202,0.0428466796875,-0.00133514404296875,0.00792694091796875,0.00047802925109865,0.0035419464111328125,0.0042877197265625,0.0003829747438430778,-0.00058746337890625,0.597900390625,1.2547607421875,-0.00920867919921875,0.1672821044921875,0.021770477294921875,0.1785125732421875,0.06307649612426758,0.1097249984741211,1.0795564651489258,0.2506103515625,-0.008383274078369151,-0.138916015625,0.01068878173828125,0.13818359375,0.0037899017333984375,-0.0005410909652710125,-0.0091552734375,0.0001114644110202641,0.003940582275390625,0.00028997659683224726,0.022448681294918057,0.4928530156612396,0.4135589599609375,0.008082389831542962,0.059051513671875
37,2.980232238765937e-05,-0.00027340650558475003,-0.0005130767822265874,-0.0003132820129394579,0.0024453848600387482,0.007781982421875,0.00185394287109375,0.005828857421875,-0.00043487548828125,0.0063934326171875,0.0221405029296875,-0.0024089813232421875,0.002460479736328125,-0.003147125244140625,0.00077056884765625,0.0159912109375,0.020111083984375,-0.0006647109985351632,-0.002620697021484375,0.0948638916015625,-0.06951522827148438,-0.0016531944274902378,-0.019653797149658214,-0.002291202545166025,-0.014051437377929688,0.05986785888671875,0.010284423828125,0.005784034729003913,0.0026855468749999874,0.017364501953125,0.0014262199401855376,7.450580596954999e-07,0.00467681884765625,0.00036406517028807553,-0.0006082057952881133,-0.0024896189570427045,-0.0004350543022155817,0.00106990337371825,0.00318241119384765,0.001468658447265625
38,0.094818115234375,-0.0279078483581543,0.05682373046875,0.0381317138671875,0.004415988922119137,-0.00012278556823731247,0.00130701065063475,0.005771636962890625,0.005536079406738275,-0.0010051727294921751,-0.00540412962436676,-0.15678179264068604,-0.00263214111328125,-0.023099958896636956,-0.00018215179443360004,-0.0059413909912109375,-0.0284423828125,0.3485107421875,-0.011884212493896476,-0.1290595531463623,-0.00742340087890625,-0.0003757476806640625,-0.0011487007141113374,0.001163482666015625,-0.0005035400390625,0.01322174072265625,0.021238327026367174,-0.06673240661621094,0.0018434524536132875,0.014534056186676032,0.47552490234375,0.005031585693359375,0.025150299072265625,0.0213623046875,-0.07081890106201172,0.07015228271484375,0.1717238426208496,0.12149810791015625,0.07250213623046875,-0.15498638153076172
39,-0.00499725341796875,0.02970123291015625,0.01668548583984375,0.0635528564453125,0.057342529296875,0.02790069580078125,0.0179443359375,-0.0055837631225586,0.0973358154296875,0.008060455322265625,-0.38268280029296875,0.183197021484375,0.061065673828125,0.1007537841796875,0.057024478912353516,0.008758544921875,0.1301422119140625,-0.041717529296875,0.003011226654052725,0.006526947021484375,0.0055027008056640625,0.0032076835632324123,0.012888908386230462,0.003780364990234375,0.0130767822265625,0.04320526123046875,0.0681610107421875,-0.0369415283203125,-0.010727882385253913,0.16975784301757812,-0.0076446533203125,0.011932373046875,0.04170989990234375,-0.00496673583984375,0.110595703125,0.00371551513671875,0.0018739700317382875,0.00730133056640625,0.00267839431762695,0.0030536651611328125
40,0.004332542419433588,0.062896728515625,0.0408172607421875,0.1833953857421875,-0.08739471435546875,0.04976844787597656,0.044139862060546875,0.008251190185546875,0.0402984619140625,-0.015748977661132812,-0.00914764404296875,0.12139892578125,0.028594970703125,0.007640838623046875,0.0390167236328125,0.0663299560546875,-0.5690193176269531,-0.002324104309082038,7.915496826171246e-05,0.0012121200561523498,-0.16253662109375,0.5965576171875,0.196014404296875,0.0061187744140625,0.07218170166015625,0.03179168701171875,-0.004046440124511713,0.000400543212890625,-0.019134521484375,0.001617431640625,0.002316713333129875,0.065277099609375,0.03920745849609375,0.007152557373046875,0.018293380737304688,0.0123138427734375,0.00041234493255615,0.03619384765625,0.01674652099609375,0.0010342597961425625
41,0.011457920074462887,-0.002536773681640625,-0.003915309906005863,-0.0005741119384765625,-0.09694719314575195,0.017499923706054688,-0.3794670104980469,0.544464111328125,0.0107421875,0.013899803161621087,0.020336151123046875,0.01134490966796875,0.120574951171875,0.023651123046875,0.01250457763671875,-0.14479494094848633,0.0026998519897460877,0.031703948974609375,0.1431255340576172,0.1990203857421875,-0.0048351287841796875,0.0334014892578125,0.0024356842041015625,-0.0113983154296875,-0.050140380859375,0.04898786544799805,0.02365875244140625,-0.04852294921875,-0.07470703125,0.02202057838439941,0.039794921875,0.0009555816650390625,0.008014678955078125,0.0027723312377929627,0.0086212158203125,0.41384267807006836,0.0095672607421875,0.027874946594238288,0.00021028518676755,0.002925872802734362
42,0.10498046875,0.0367279052734375,-0.010171890258789062,-0.2268524169921875,0.02298736572265625,-0.1311626434326172,0.001468658447265625,0.030963897705078125,-0.037143707275390625,0.09005355834960938,0.0248870849609375,0.031005859375,0.009943008422851562,0.00875091552734375,0.00173187255859375,0.02706146240234375,0.017421722412109375,0.011322021484375,0.009735107421875,0.05865478515625,0.0100555419921875,0.169586181640625,0.292388916015625,0.00640869140625,0.0511932373046875,0.004741668701171875,0.00506591796875,0.002453327178955075,0.0046844482421875,0.01016998291015625,-0.6798272132873535,0.158233642578125,0.53228759765625,0.030727386474609375,-0.01586151123046875,0.010623931884765625,0.00627899169921875,0.0039014816284179627,0.0026392936706543,0.002395749092102057
43,-0.0066070556640625,0.078765869140625,0.01357269287109375,0.043365478515625,0.000823974609375,0.087799072265625,0.007925987243652337,0.0020962953567505,0.01251983642578125,0.0021070390939712416,0.002216339111328125,-0.0022523403167724627,0.011867523193359375,-0.00115966796875,0.0225982666015625,-0.000315904617309575,0.00010579824447630005,-0.00107574462890625,-3.3989548683177454e-05,0.0007824897766113125,0.00023683905601501386,0.0091552734375,-4.7683715820008923e-07,0.002071380615234375,0.0014948844909667876,0.029386520385742188,0.0366668701171875,0.028512954711914062,0.0052013397216796875,0.037506103515625,0.049896240234375,0.004558563232421875,0.010547637939453125,0.06463623046875,0.0035848617553710877,0.013683319091796875,0.001989364624023425,-0.00063323974609375,0.05481719970703125,0.00025177001953125
44,0.00583648681640625,0.0008654594421386626,-0.0370941162109375,-0.001728057861328125,0.009283065795898438,0.012681961059570312,0.01740264892578125,0.00501251220703125,0.01373291015625,0.0,0.014698028564453125,-0.030544281005859375,0.0254058837890625,0.11394357681274414,0.0093231201171875,0.005216121673583988,0.0017372369766235375,0.007925033569335938,0.0064907073974609375,0.0006418228149414,0.00028228759765625,0.0008796155452728287,0.0002950429916381851,0.0036139488220215,0.0008873939514160125,0.0029051303863525248,-0.00356006622314455,0.0005123019218444731,0.006927490234375,0.02886962890625,0.018131256103515625,0.00040245056152342503,0.005245327949523926,0.014129638671875,-0.003345489501953125,0.012742996215820312,0.0018296986818313599,0.01909637451171875,0.006938934326171875,0.01262664794921875
45,-0.00027036666870118754,0.0051212310791015625,0.0038299560546875,6.389617919922501e-05,-0.005032539367675787,-0.07977294921875,0.05467987060546875,0.07555007934570312,0.23081207275390625,-0.17471694946289062,0.10507965087890625,0.1537933349609375,0.28556060791015625,0.01514434814453125,-0.03464508056640625,-0.0006716549396514955,0.001111030578613275,0.0032458305358886628,0.0235748291015625,0.008331298828125,0.14808082580566406,0.029632568359375,0.0012684464454650736,0.0040300637483596646,0.009287834167480462,0.009662628173828125,0.0077533721923828125,0.003070831298828125,-0.000919342041015625,-0.00012140907347201285,0.0023450851440429627,0.0002574920654296624,0.0007795989513397124,0.00018310546875,0.0345611572265625,0.00533485412597655,0.01120853424072265,-0.0007009506225586,0.009113311767578125,0.0029611587524414
46,0.03498649597167969,0.015188217163085938,0.1002349853515625,0.008031487464904799,0.01697540283203125,0.0075664520263671875,-0.000497102737426775,-0.005263566970825201,0.036346435546875,0.019542694091796875,0.0040435791015625,0.024227142333984375,0.0005489587783813406,0.024303436279296875,-0.0014963150024414123,-0.0016102790832519627,0.02541351318359375,-0.0011239051818847626,-0.00146484375,-0.003599941730499264,0.0029315948486328125,0.0007171630859375,-0.00047969818115235004,-0.0003261566162109375,0.0003032684326171875,0.011510848999023438,0.142578125,-0.007931709289550788,0.008478522300720201,0.04248809814453125,0.00035339593887328007,-0.0008771419525146374,-0.0004853010177612375,0.0017590522766113374,-0.0022344589233398377,0.018199920654296875,0.00458526611328125,0.002089500427246075,0.06320381164550781,0.010201454162597663
47,-8.992850780488925e-05,7.399171590804701e-05,0.0016803741455078125,0.0002192258834839,0.02280426025390625,0.0005561709403991749,0.0023598670959472626,0.0285663604736328,0.03666496276855469,-0.001354217529296875,0.0017428398132324126,0.000757694244384775,0.00197505950927735,-0.001345634460449225,-0.0023219585418701233,-0.00028860569000245,0.0063724517822265625,0.0153656005859375,-0.00074005126953125,-0.00272369384765625,-0.0033807754516601623,-0.00505518913269045,0.011844635009765625,0.0033879280090331875,0.005063295364379875,0.0084381103515625,0.00540924072265625,0.008625030517578125,0.00078582763671875,0.00116872787475585,0.0013520717620849375,0.0038135051727294874,-0.0007495880126953125,-0.0007634162902832127,-0.0019378662109375,0.0012202262878418,-0.0018824040889740179,-0.005017518997192387,0.00010909140110013977,-0.00035762786865235004
48,0.04042816162109375,0.01267242431640625,0.00013923645019529995,0.0291748046875,0.025857925415039062,0.11529541015625,0.002667903900146475,-0.005211830139160162,0.10752105712890625,0.04366302490234375,0.000628352165222175,0.00015500187873839158,0.00107574462890625,0.0009729862213134625,0.0014607906341552624,0.0025782585144043,0.0123443603515625,0.0026702880859375,0.0011699199676513498,0.08606910705566406,-0.0005146265029907248,-0.0011633634567260501,-0.0016754716634750288,-0.0006055235862731786,-0.0025158226490020782,-0.004069328308105475,0.006683349609375,0.00893402099609375,0.00649261474609375,-0.005822181701660162,0.0010700225830078125,-0.0028202533721923876,0.03993988037109375,0.00026988983154296246,-0.0061187744140625,0.03539276123046875,0.003862619400024375,0.00313854217529295,-8.630752563476216e-05,0.01300048828125
49,0.008167266845703125,0.025613784790039062,0.176513671875,0.009222030639648438,0.017452239990234375,0.0016038417816162,0.0005493164062499874,-0.0006794929504394624,0.037265777587890625,-0.002721309661865225,0.04323577880859375,0.009552001953125,0.003116369247436525,0.009441852569580075,0.004212915897369391,0.033565521240234375,0.043209075927734375,0.042453765869140625,0.02618408203125,0.0232391357421875,-0.0044097900390625,0.000761270523071275,-0.00090789794921875,2.0027160644525002e-05,0.0059680938720703125,0.003893136978149425,-0.0017666816711425874,0.0130615234375,0.00217437744140625,0.0022459030151366997,0.0131988525390625,0.005141735076904287,0.001529693603515625,0.017059326171875,0.01348876953125,0.004184722900390625,0.0028513669967651376,0.006893157958984375,0.008272230625152586,0.0010824203491210875
50,-1.1444091796875e-05,-0.0019054412841796875,0.010833740234375,0.0019207000732421875,0.01220703125,0.00452446937561035,0.034458160400390625,0.010028839111328125,0.01389312744140625,0.02506256103515625,0.00040692090988159483,0.0003882646560668875,0.0720672607421875,-0.001257181167602525,0.03241729736328125,0.0062427520751953125,0.006778717041015625,0.003192901611328125,0.00582122802734375,0.003261566162109375,0.15912628173828125,0.010172367095947274,-0.003572940826416025,0.18725156784057617,0.009508132934570312,-0.0017895698547363374,0.010338544845581062,0.02606201171875,0.05083465576171875,0.01688385009765625,0.0024509429931640625,0.001515746116638175,0.02931976318359375,-0.0001926422119140625,0.0003369748592376553,0.0024633407592773377,0.0042858123779296875,0.0258941650390625,0.003956794738769525,0.0030465126037597626
51,-0.0003223419189453125,-0.00018513202667236252,-0.001215100288391125,-0.005241155624389662,-0.00169944763183595,-0.001172304153442375,9.310245513913748e-05,0.0026149749755859375,-0.0006803274154663242,-0.000819385051727284,0.00243377685546875,0.66412353515625,-0.00632429122924805,0.1433868408203125,0.13470458984375,0.0007581710815429625,0.0032496452331543,0.0005397796630859375,0.0032978057861328,0.0008996725082397374,-0.00027945637702941895,-0.022519111633300774,0.0024871826171875,0.0007376670837402125,0.000965595245361325,0.008899688720703125,0.01624298095703125,0.0061702728271484375,0.028900146484375,0.02848052978515625,0.0029449462890625,0.00260913372039795,0.0009098052978515625,0.011213302612304688,0.010020971298217763,0.0015585422515869251,0.01744842529296875,0.000478088855743375,0.006082296371459961,0.000682830810546875
52,0.0010282993316650124,0.001386761665344225,-5.869567394256085e-05,0.0037951469421386623,0.0021572113037109375,-0.0033512115478515625,-0.00090789794921875,-0.0005222763866186306,0.0034240484237670872,-0.008444786071777337,0.50262451171875,0.004847526550292963,-0.001323699951171875,0.008545637130737312,0.02398681640625,0.0376739501953125,0.0037746429443359375,0.008558273315429688,0.003795623779296875,0.008642196655273438,0.008382320404052724,0.3514404296875,0.0233917236328125,0.2087554931640625,0.04743194580078125,-0.005428314208984375,0.02320098876953125,0.0023988485336303503,-0.0017242431640625,-0.003078579902648937,0.333038330078125,0.11474227905273438,0.20440673828125,0.04487037658691406,0.02007293701171875,0.0009941458702087333,0.119384765625,0.015089988708496087,0.011419296264648438,0.01198577880859375
53,0.017101287841796875,0.124542236328125,0.0092010498046875,0.047122955322265625,0.04470157623291015,-0.0001220703125,0.0015821456909179625,-0.000536441802978525,0.00012016296386716247,-0.0009889602661132875,0.0070056915283203125,0.0032148361206054627,0.032611846923828125,0.0022044181823730373,0.00044047832489011243,0.10692691802978516,0.274871826171875,0.0011982917785644375,0.1291046142578125,0.40582275390625,0.00047725439071656683,0.0047092437744140625,0.003573417663574225,0.006331443786621088,0.0010136365890503,-0.0003830790519714324,0.0021326541900634753,-0.00015437602996825155,0.0001155436038970754,-0.0004411339759826648,0.0150604248046875,0.02611541748046875,0.005298614501953125,0.0022975206375122122,0.016561508178710938,0.01537275314331055,0.0013875961303711,-0.031608223915100084,0.005970001220703125,0.0004889965057373093
54,0.08834552764892578,0.24583220481872559,0.08625411987304688,0.004691123962402338,0.07048988342285156,5.102157592773751e-05,-0.0005197525024414125,-0.0008255839347839387,0.000773906707763675,0.00010585784912107501,0.004416227340698238,0.0020391941070556623,-0.0003523826599121125,-0.00014460086822510118,-0.0003382265567779572,0.00018666684627530612,0.00016608461737632047,-0.0002589225769043125,-0.006166666746139522,0.0004971027374267625,0.016588211059570312,0.00315093994140625,0.009951114654541026,0.015178680419921875,0.0012030601501465,0.0029592514038086,0.011529922485351562,0.0044727325439453,0.032756805419921875,0.008703827857971188,0.037518978118896484,-0.0007710456848144594,0.02156829833984375,0.022084236145019524,0.005070686340332025,0.0289297103881836,0.003438949584960925,0.00199228525161743,0.031114578247070312,0.0008717775344848375
55,0.00891971588134765,0.016859054565429688,0.016143798828125,0.02622222900390625,0.036266326904296875,0.0022678375244140625,0.002544403076171875,0.00376129150390625,-0.003627777099609375,-0.0028285980224609375,0.09404277801513672,0.0359039306640625,0.007839679718017563,0.05067586898803711,-0.0036191940307617127,0.006620287895202637,0.00016158819198608095,0.00946807861328125,0.004161000251770013,-0.000102996826171875,0.11492538452148438,5.2347779273973535e-05,0.0028486251831054627,0.001126289367675775,0.010979413986206058,0.020400136709213257,0.0010170936584472626,0.013965129852294925,0.0018510818481445375,-0.00025498867034912505,0.015966415405273438,0.006366729736328125,0.0037078857421875,-1.621246337892502e-05,0.01180434226989745,2.245604991912998e-05,0.001134872436523425,0.0001547336578369125,0.0002606511116027699,0.0002924203872680508
56,0.011792182922363288,-0.001201152801513675,0.0008403658866882375,0.0074310302734375,0.03160548210144042,0.0077953338623046875,0.0017118453979492125,0.015979766845703125,0.008257865905761726,0.0060749053955078125,0.0059146881103515625,0.013835906982421875,0.06417274475097656,0.10137939453125,0.01233673095703125,0.00084877014160155,0.0016534328460693375,0.03916740417480469,9.536743164061245e-05,0.002858400344848625,-2.4318695068350024e-05,0.0044612884521484375,0.0006052255630493124,0.0066127777099609375,0.0017452239990234375,0.02928924560546875,0.02515411376953125,0.031391143798828125,0.027430534362792962,0.05860137939453125,0.007874488830566413,0.0010463595390319917,0.00760555267333985,0.051639556884765625,0.001505374908447275,0.024309158325195312,0.014017105102539062,0.00148773193359375,0.015460014343261712,0.010498046875
57,-0.001713752746582025,0.0025115013122558624,0.002008497714996336,-0.001262664794921875,-5.149841308593753e-05,0.002513885498046875,0.0004792213439941125,0.0011602640151977626,0.00061798095703125,0.001247495412826535,0.043548583984375,0.033771514892578125,0.013338088989257812,0.051235198974609375,0.049652099609375,-0.001080989837646475,-0.0030674934387206997,0.01678800582885741,0.18256092071533203,0.01559937000274657,0.028851985931396488,0.004329681396484375,-0.00084686279296875,0.008709907531738274,0.007875442504882812,0.00018614530563353863,0.0017027854919433624,-0.008790969848632812,-0.000339508056640625,-0.003117322921752925,-0.0123291015625,-0.0013089179992675625,0.0007598251104354984,0.006221771240234375,-2.7894973754874966e-05,-0.0015764236450195252,5.2154064178465184e-05,-0.011486768722534166,0.001056671142578125,-0.0006686151027679365
58,0.00914764404296875,0.04097747802734375,-0.015167236328125,-0.007282257080078125,0.024946212768554688,0.023501873016357425,0.015125274658203125,0.013427734375,-0.0018367767333984375,0.010860443115234375,-0.0006818771362304625,-9.259581565857793e-05,0.00147074460983275,0.00040388107299805,-0.005928069353103639,0.04860687255859375,0.024051666259765625,0.022549629211425788,0.026620864868164062,0.01387786865234375,0.021086692810058587,0.01130861043930055,0.006420612335205075,0.01910400390625,0.011077880859375,-0.0003299713134765625,0.020621776580810536,0.0014735460281372125,0.0015482902526855376,0.0028817653656006,0.000386834144592275,-0.0020596981048584,0.0014991760253906376,-0.0011105537414550877,-0.003651648759841928,-0.00441741943359375,-0.0011746883392334,-0.0008764266967773375,-0.0005187988281249874,-0.0022101402282714874
59,0.00027251243591311093,0.00041016936302185335,0.0001655817031860625,-0.00042140483856198434,-0.00014978647232055312,-0.0743865966796875,-0.0025005340576171875,0.00244140625,0.0040836334228515625,0.022085189819335938,0.0666046142578125,-0.017552375793457038,3.814697265625e-05,0.01174163818359375,0.05055999755859375,0.051357269287109375,0.019673824310302738,0.030170440673828125,0.03450775146484375,0.035675048828125,-0.007350921630859375,-0.004358083009719849,-0.011055946350097663,0.03665828704833984,0.0024752616882324123,0.01827239990234375,0.013168811798095703,0.018749237060546875,0.00360870361328125,0.01222991943359375,0.046783447265625,0.24072265625,0.03734016418457031,0.1206817626953125,0.075164794921875,0.03231048583984375,0.05505943298339844,0.09597110748291016,0.018459320068359375,0.0048646926879883
60,-3.671646118165e-05,0.0058498382568359375,0.01753997802734375,0.0056610107421875,-0.029430866241455085,-0.0063394308090209996,-0.0643310546875,0.02618408203125,-0.000791788101196275,-0.002079010009765625,0.018779754638671875,0.02270841598510741,0.02425730228424074,0.0055866241455078125,0.03496551513671875,0.001760482788085925,0.018785476684570312,0.11688804626464844,0.007860183715820312,0.027891159057617188,0.0016951560974121,-0.0010623931884765625,0.018247604370117188,0.015775680541992188,0.0008676648139953748,0.028514862060546875,0.06710004806518553,-0.00286865234375,0.034992218017578125,0.0307157039642334,0.004123687744140625,0.0153961181640625,0.00466156005859375,0.00038838386535643756,0.0008178353309631254,0.01351070404052735,0.0006375312805175876,0.031055450439453125,-0.00673580169677735,-0.001430511474609375
61,0.015102386474609375,0.005584716796875,0.002813696861267075,-0.0007410049438476625,0.003949165344238275,0.0015392303466796875,0.005374908447265625,0.004841804504394525,0.0008420944213867125,0.00181007385253905,0.001642316579818709,0.007903099060058587,-0.0052661895751953125,0.01984524726867675,0.003162384033203125,0.00032734870910641246,-0.017604827880859375,0.1043701171875,0.27215576171875,0.00012770295143127599,0.047657012939453125,0.040286064147949226,0.11530303955078125,0.0050048828125,0.07803535461425781,0.0479278564453125,0.04499053955078125,0.026658058166503913,0.0176544189453125,0.05968618392944335,-0.03323936462402344,0.0032281875610351623,-0.00949764251708985,0.0133056640625,0.0220947265625,0.0126953125,0.020388364791870114,0.03888511657714844,0.032405853271484375,0.013760566711425774
62,0.03771448135375975,0.0237579345703125,0.0079345703125,0.0316162109375,0.07664871215820312,0.022857666015625,0.03608036041259766,0.0260000228881836,0.005645751953125,0.0006766319274902375,0.0028544664382934375,0.037578582763671875,0.024932861328125,-0.1881561279296875,0.0017147064208984375,0.0002369880676269374,0.00013809651136399253,-0.00221991539001465,-0.0023899078369140625,0.00023561716079712456,0.09764862060546875,0.013561010360717775,0.020799636840820312,0.11599540710449219,0.008668899536132812,0.025852203369140625,0.000263214111328125,-0.0007653236389160126,0.06825637817382812,0.02684879302978515,0.01378631591796875,0.0033664703369140625,0.028149604797363274,0.010381698608398438,0.049713134765625,0.030241012573242188,0.0126504898071289,0.000908613204956025,-0.000823974609375,0.015473544597625732
63,-0.003173828125,0.007542610168457025,0.013761043548583988,-0.007049560546875,0.0033562183380126875,0.001672744750976575,0.00310516357421875,0.003054618835449225,0.0041179656982421875,0.005260467529296875,0.00521087646484375,-0.070648193359375,0.003711700439453125,0.006839752197265625,-0.0117950439453125,0.012572288513183587,0.00270938873291015,0.026943206787109375,0.009344100952148438,-0.0058345794677734375,-0.00308990478515625,0.0008802413940429625,0.000660538673400875,0.0031437873840332127,0.0005955100059509277,-0.00878143310546875,-0.003322601318359375,0.01964569091796875,-0.016048431396484375,0.020130157470703125,0.0022144317626953,0.0011696964502334345,0.009379386901855462,0.012884140014648438,0.01345062255859375,0.007113456726074213,0.003560066223144538,-5.114078521730004e-05,0.089080810546875,-0.00011806190013884169
